cashback_id,document_id,monto_mxn,fecha,motivo
6,,7.60,2025-07-01,cashback_sin_relacion_user_lnk
7,,4.00,2025-07-03,cashback_sin_relacion_user_lnk
10,,-4.00,2025-07-07,cashback_sin_relacion_user_lnk
19,,-27.70,2025-07-21,cashback_sin_relacion_user_lnk
2471,,14.20,2026-06-09,cashback_sin_relacion_user_lnk
2575,,7.80,2026-06-23,cashback_sin_relacion_user_lnk
2576,,7.80,2026-06-23,cashback_sin_relacion_user_lnk
2577,,5.00,2026-06-23,cashback_sin_relacion_user_lnk
2578,,5.91,2026-06-23,cashback_sin_relacion_user_lnk
2579,,-6.93,2026-06-23,cashback_sin_relacion_user_lnk
2580,,7.80,2026-06-23,cashback_sin_relacion_user_lnk
2581,,0.00,2026-06-23,cashback_sin_relacion_user_lnk
2582,,6.40,2026-06-23,cashback_sin_relacion_user_lnk
2583,,-57.98,2026-06-23,cashback_sin_relacion_user_lnk
2584,,8.80,2026-06-23,cashback_sin_relacion_user_lnk
2585,,8.80,2026-06-23,cashback_sin_relacion_user_lnk
2586,,8.80,2026-06-23,cashback_sin_relacion_user_lnk
2587,,4.75,2026-06-24,cashback_sin_relacion_user_lnk
2588,,-30.48,2026-06-24,cashback_sin_relacion_user_lnk
2589,,12.50,2026-06-24,cashback_sin_relacion_user_lnk
2590,,15.30,2026-06-24,cashback_sin_relacion_user_lnk
2591,,2.49,2026-06-24,cashback_sin_relacion_user_lnk
2592,,-53.07,2026-06-24,cashback_sin_relacion_user_lnk
2593,,7.80,2026-06-24,cashback_sin_relacion_user_lnk
2594,,8.19,2026-06-24,cashback_sin_relacion_user_lnk
2595,,-74.08,2026-06-24,cashback_sin_relacion_user_lnk
2596,,52.60,2026-06-24,cashback_sin_relacion_user_lnk
2597,,8.63,2026-06-24,cashback_sin_relacion_user_lnk
2598,,-8.75,2026-06-24,cashback_sin_relacion_user_lnk
2599,,10.70,2026-06-24,cashback_sin_relacion_user_lnk
2600,,9.50,2026-06-24,cashback_sin_relacion_user_lnk
2601,,8.80,2026-06-25,cashback_sin_relacion_user_lnk
2602,,21.90,2026-06-25,cashback_sin_relacion_user_lnk
2603,,6.60,2026-06-25,cashback_sin_relacion_user_lnk
2604,,7.80,2026-06-25,cashback_sin_relacion_user_lnk
2605,,7.80,2026-06-25,cashback_sin_relacion_user_lnk
2606,,7.80,2026-06-25,cashback_sin_relacion_user_lnk
2607,,9.50,2026-06-25,cashback_sin_relacion_user_lnk
2608,,9.90,2026-06-26,cashback_sin_relacion_user_lnk
2609,,7.80,2026-06-26,cashback_sin_relacion_user_lnk
2610,,13.00,2026-06-26,cashback_sin_relacion_user_lnk
2611,,7.80,2026-06-26,cashback_sin_relacion_user_lnk
2612,,7.80,2026-06-26,cashback_sin_relacion_user_lnk
2613,,14.40,2026-06-26,cashback_sin_relacion_user_lnk
2614,,7.80,2026-06-27,cashback_sin_relacion_user_lnk
2615,,0.00,2026-06-27,cashback_sin_relacion_user_lnk
2616,,18.70,2026-06-27,cashback_sin_relacion_user_lnk
2617,,0.00,2026-06-27,cashback_sin_relacion_user_lnk
2618,,7.80,2026-06-28,cashback_sin_relacion_user_lnk
2619,,9.50,2026-06-28,cashback_sin_relacion_user_lnk
2620,,7.22,2026-06-28,cashback_sin_relacion_user_lnk
2621,,-6.77,2026-06-28,cashback_sin_relacion_user_lnk
2622,,8.80,2026-06-28,cashback_sin_relacion_user_lnk
2623,,5.31,2026-06-29,cashback_sin_relacion_user_lnk
2624,,-46.85,2026-06-29,cashback_sin_relacion_user_lnk
2625,,10.21,2026-06-29,cashback_sin_relacion_user_lnk
2626,,-7.95,2026-06-29,cashback_sin_relacion_user_lnk
2627,,7.80,2026-06-29,cashback_sin_relacion_user_lnk
2628,,10.70,2026-06-29,cashback_sin_relacion_user_lnk
2629,,16.91,2026-06-30,cashback_sin_relacion_user_lnk
2630,,-24.91,2026-06-30,cashback_sin_relacion_user_lnk
2631,,5.60,2026-06-30,cashback_sin_relacion_user_lnk
2632,,-22.00,2026-06-30,cashback_sin_relacion_user_lnk
2633,,11.80,2026-06-30,cashback_sin_relacion_user_lnk
2634,,6.33,2026-06-30,cashback_sin_relacion_user_lnk
2635,,-14.67,2026-06-30,cashback_sin_relacion_user_lnk
2636,,18.00,2026-06-30,cashback_sin_relacion_user_lnk
2637,,0.00,2026-06-30,cashback_sin_relacion_user_lnk
2638,,10.70,2026-06-30,cashback_sin_relacion_user_lnk
2639,,9.50,2026-06-30,cashback_sin_relacion_user_lnk
2640,,17.60,2026-06-30,cashback_sin_relacion_user_lnk
2641,,11.15,2026-07-01,cashback_sin_relacion_user_lnk
2642,,-32.49,2026-07-01,cashback_sin_relacion_user_lnk
2643,,7.80,2026-07-01,cashback_sin_relacion_user_lnk
2644,,6.60,2026-07-01,cashback_sin_relacion_user_lnk
2645,,11.40,2026-07-02,cashback_sin_relacion_user_lnk
2646,,26.80,2026-07-02,cashback_sin_relacion_user_lnk
2647,,4.26,2026-07-02,cashback_sin_relacion_user_lnk
2648,,-36.41,2026-07-02,cashback_sin_relacion_user_lnk
2649,,9.48,2026-07-02,cashback_sin_relacion_user_lnk
2650,,-10.21,2026-07-02,cashback_sin_relacion_user_lnk
2651,,17.70,2026-07-02,cashback_sin_relacion_user_lnk
2652,,7.18,2026-07-02,cashback_sin_relacion_user_lnk
2653,,-7.22,2026-07-02,cashback_sin_relacion_user_lnk
2654,,25.52,2026-07-02,cashback_sin_relacion_user_lnk
2655,,-8.80,2026-07-02,cashback_sin_relacion_user_lnk
2656,,0.00,2026-07-02,cashback_sin_relacion_user_lnk
2657,,10.00,2026-07-03,cashback_sin_relacion_user_lnk
2658,,3.18,2026-07-03,cashback_sin_relacion_user_lnk
2659,,-34.20,2026-07-03,cashback_sin_relacion_user_lnk
2660,,14.49,2026-07-03,cashback_sin_relacion_user_lnk
2661,,-11.15,2026-07-03,cashback_sin_relacion_user_lnk
2662,,7.24,2026-07-05,cashback_sin_relacion_user_lnk
2663,,-5.60,2026-07-05,cashback_sin_relacion_user_lnk
2664,,7.92,2026-07-05,cashback_sin_relacion_user_lnk
2665,,-8.80,2026-07-05,cashback_sin_relacion_user_lnk
2666,,10.70,2026-07-05,cashback_sin_relacion_user_lnk
2667,,8.64,2026-07-05,cashback_sin_relacion_user_lnk
2668,,-8.63,2026-07-05,cashback_sin_relacion_user_lnk
2669,,16.60,2026-07-05,cashback_sin_relacion_user_lnk
2670,,7.80,2026-07-06,cashback_sin_relacion_user_lnk
2671,,9.50,2026-07-06,cashback_sin_relacion_user_lnk
2672,,7.80,2026-07-06,cashback_sin_relacion_user_lnk
2673,,5.05,2026-07-06,cashback_sin_relacion_user_lnk
2674,,-66.50,2026-07-06,cashback_sin_relacion_user_lnk
2675,,7.90,2026-07-06,cashback_sin_relacion_user_lnk
2676,,6.60,2026-07-06,cashback_sin_relacion_user_lnk
2677,,6.60,2026-07-06,cashback_sin_relacion_user_lnk
2678,,4.33,2026-07-06,cashback_sin_relacion_user_lnk
2679,,-22.68,2026-07-06,cashback_sin_relacion_user_lnk
2680,,11.00,2026-07-07,cashback_sin_relacion_user_lnk
2681,,8.64,2026-07-07,cashback_sin_relacion_user_lnk
2682,,-27.56,2026-07-07,cashback_sin_relacion_user_lnk
2683,,25.80,2026-07-07,cashback_sin_relacion_user_lnk
